arch 	pairsfn_std	pairsfn_neighbins	pairsfn_std2	pairsfn_neighbins2	mesapd
1	0.11104		0.11165			0.07094		0.08439			1.9546
2	0.10692		0.07021			0.07319		0.05043			1.58325
