arch 	pairsfn_std	pairsfn_neighbins	pairsfn_std2	pairsfn_neighbins2	mesapd
1	0.15020		0.15064			0.07471		0.07517			0.20147
2	0.09984		0.08541			0.04274		0.04270			0.0895645
