arch 	pairsfn_std	pairsfn_neighbins	pairsfn_std2	pairsfn_neighbins2	mesapd
1	2.09069		1.18272			0.95008		0.4798			1.73433
2	1.39247		0.95175			0.68107		0.45612			1.20015
