arch 	pairsfn_std	pairsfn_neighbins	pairsfn_mk	pairsfn_neighbins_mk
1	0.04550		0.04543			0.04555		0.04560
2	0.02230		0.02242			0.02251		0.02227
