arch 	pairsfn_std	pairsfn_neighbins	pairsfn_std2	pairsfn_neighbins2	mesapd
1	0.09281		2.41090			0.04433		1.21297			0.0669552
2	0.05406		1.64524			0.03362		0.83774			0.0362597
