arch 	pairsfn_std	pairsfn_neighbins	pairsfn_mk	pairsfn_neighbins_mk
1	0.26824		0.16688			0.45955		0.24268
2	0.20649		0.20554			0.20802		0.20816
