arch 	pairsfn_std	pairsfn_neighbins	pairsfn_mk	pairsfn_neighbins_mk
1	2.36548		1.89922			2.38816		1.91393
2	0.63749		0.43999			0.63758		0.38861
