arch 	pairsfn_std	pairsfn_neighbins	pairsfn_mk	pairsfn_neighbins_mk
1	0.03909		0.14227			0.03928		0.14284
2	0.02341		0.12610			0.02345		0.12591
